"id","soil_type","distance","capillary_rate"
"10","Su3","1","0.0055"
"13","Sl3","1","0.0055"
"12","Sl2","1","0.0055"
"11","Su4","1","0.0055"
"9","Su2","1","0.0055"
"14","Sl4","1","0.0055"
"15","Slu","1","0.0055"
"16","St2","1","0.0055"
"17","St3","1","0.0055"
"18","fS","1","0.0055"
"19","gS","1","0.0055"
"20","mS","1","0.0055"
"21","Ss","1","0.0055"
"22","Us","1","0.0055"
"23","Uu","1","0.0055"
"24","Uls","1","0.0055"
"25","Ut2","1","0.0055"
"26","Ut3","1","0.0055"
"27","Ut4","1","0.0055"
"28","Ls2","1","0.0055"
"29","Ls3","1","0.0055"
"30","Ls4","1","0.0055"
"31","Lt2","1","0.0055"
"32","Lt3","1","0.0055"
"33","Lu","1","0.0055"
"34","Lts","1","0.0055"
"35","Tt","1","0.0055"
"36","Tl","1","0.0055"
"37","Tu2","1","0.0055"
"38","Tu3","1","0.0055"
"39","Tu4","1","0.0055"
"40","Ts2","1","0.0055"
"41","Ts3","1","0.0055"
"42","Ts4","1","0.0055"
"43","Su2","2","0.0055"
"44","Su3","2","0.0055"
"45","Su4","2","0.0055"
"46","Sl2","2","0.0055"
"47","Sl3","2","0.0055"
"48","Sl4","2","0.0055"
"49","Slu","2","0.0055"
"50","St2","2","0.0055"
"51","St3","2","0.0055"
"52","fS","2","0.0055"
"53","gS","2","0.005"
"54","mS","2","0.0055"
"55","Ss","2","0.0055"
"56","Us","2","0.0055"
"57","Uu","2","0.0055"
"58","Uls","2","0.0055"
"59","Ut2","2","0.0055"
"60","Ut3","2","0.0055"
"61","Ut4","2","0.0055"
"62","Ls2","2","0.0055"
"63","Ls3","2","0.0055"
"64","Ls4","2","0.0055"
"65","Lt2","2","0.0055"
"66","Lt3","2","0.0055"
"67","Lu","2","0.0055"
"68","Lts","2","0.0055"
"69","Tt","2","0.005"
"70","Tl","2","0.005"
"71","Tu2","2","0.005"
"72","Tu3","2","0.0055"
"73","Tu4","2","0.0055"
"74","Ts2","2","0.0055"
"75","Ts3","2","0.0055"
"76","Ts4","2","0.0055"
"77","Su2","3","0.0055"
"78","Su3","3","0.0055"
"79","Su4","3","0.0055"
"80","Sl2","3","0.005"
"81","Sl3","3","0.0055"
"82","Sl4","3","0.0055"
"83","Slu","3","0.0055"
"84","St2","3","0.005"
"85","St3","3","0.005"
"86","fS","3","0.0055"
"87","gS","3","0.0014"
"88","mS","3","0.005"
"89","Ss","3","0.005"
"90","Us","3","0.0055"
"91","Uu","3","0.0055"
"92","Uls","3","0.0055"
"93","Ut2","3","0.0055"
"94","Ut3","3","0.0055"
"95","Ut4","3","0.0055"
"96","Ls2","3","0.0055"
"97","Ls3","3","0.0055"
"98","Ls4","3","0.0055"
"99","Lt2","3","0.0055"
"100","Lt3","3","0.0055"
"101","Lu","3","0.0055"
"102","Lts","3","0.0055"
"103","Tt","3","0.002"
"104","Tl","3","0.0026"
"105","Tu2","3","0.0026"
"106","Tu3","3","0.005"
"107","Tu4","3","0.0055"
"108","Ts2","3","0.005"
"109","Ts3","3","0.005"
"110","Ts4","3","0.005"
"111","Su2","4","0.0055"
"112","Su3","4","0.0055"
"113","Su4","4","0.0055"
"114","Sl2","4","0.0026"
"115","Sl3","4","0.005"
"116","Sl4","4","0.005"
"117","Slu","4","0.0055"
"118","St2","4","0.0029"
"119","St3","4","0.0029"
"120","fS","4","0.0055"
"121","gS","4","0.0005"
"122","mS","4","0.0016"
"123","Ss","4","0.0016"
"124","Us","4","0.0055"
"125","Uu","4","0.0055"
"126","Uls","4","0.0055"
"127","Ut2","4","0.0055"
"128","Ut3","4","0.0055"
"129","Ut4","4","0.0055"
"130","Ls2","4","0.0055"
"131","Ls3","4","0.0055"
"132","Ls4","4","0.0055"
"133","Lt2","4","0.0055"
"134","Lt3","4","0.0055"
"135","Lu","4","0.0055"
"136","Lts","4","0.0055"
"137","Tt","4","0.001"
"138","Tl","4","0.0013"
"139","Tu2","4","0.0013"
"140","Tu3","4","0.0024"
"141","Tu4","4","0.005"
"142","Ts2","4","0.002"
"143","Ts3","4","0.0029"
"144","Ts4","4","0.0029"
"145","Su2","5","0.005"
"146","Su3","5","0.0055"
"147","Su4","5","0.0055"
"148","Sl2","5","0.0013"
"149","Sl3","5","0.0025"
"150","Sl4","5","0.0036"
"151","Slu","5","0.005"
"152","St2","5","0.0018"
"153","St3","5","0.0018"
"154","fS","5","0.005"
"155","gS","5","0.0002"
"156","mS","5","0.0009"
"157","Ss","5","0.0009"
"158","Us","5","0.0055"
"159","Uu","5","0.0055"
"160","Uls","5","0.0055"
"161","Ut2","5","0.0055"
"162","Ut3","5","0.0055"
"163","Ut4","5","0.0055"
"164","Ls2","5","0.0055"
"165","Ls3","5","0.0055"
"166","Ls4","5","0.0055"
"167","Lt2","5","0.005"
"168","Lt3","5","0.005"
"169","Lu","5","0.0055"
"170","Lts","5","0.0005"
"171","Tt","5","0.0006"
"172","Tl","5","0.0008"
"173","Tu2","5","0.0008"
"174","Tu3","5","0.0014"
"175","Tu4","5","0.0024"
"176","Ts2","5","0.0012"
"177","Ts3","5","0.0018"
"178","Ts4","5","0.0018"
"179","Su2","6","0.003"
"180","Su3","6","0.005"
"181","Su4","6","0.0055"
"182","Sl2","6","0.0008"
"183","Sl3","6","0.0016"
"184","Sl4","6","0.0024"
"185","Slu","6","0.0036"
"186","St2","6","0.0011"
"187","St3","6","0.0011"
"188","fS","6","0.0033"
"189","gS","6","0.0001"
"190","mS","6","0.0005"
"191","Ss","6","0.0005"
"192","Us","6","0.0055"
"193","Uu","6","0.0055"
"194","Uls","6","0.0055"
"195","Ut2","6","0.0055"
"196","Ut3","6","0.0055"
"197","Ut4","6","0.0055"
"198","Ls2","6","0.0055"
"199","Ls3","6","0.005"
"200","Ls4","6","0.0036"
"201","Lt2","6","0.0038"
"202","Lt3","6","0.0034"
"203","Lu","6","0.005"
"204","Lts","6","0.0032"
"205","Tt","6","0.0004"
"206","Tl","6","0.0005"
"207","Tu2","6","0.0005"
"208","Tu3","6","0.0009"
"209","Tu4","6","0.0016"
"210","Ts2","6","0.0008"
"211","Ts3","6","0.0011"
"212","Ts4","6","0.0011"
"213","Su2","7","0.0022"
"214","Su3","7","0.0035"
"215","Su4","7","0.005"
"216","Sl2","7","0.0005"
"217","Sl3","7","0.0011"
"218","Sl4","7","0.0016"
"219","Slu","7","0.0026"
"220","St2","7","0.0007"
"221","St3","7","0.0007"
"222","fS","7","0.0022"
"223","gS","7","0.0"
"224","mS","7","0.0003"
"225","Ss","7","0.0003"
"226","Us","7","0.005"
"227","Uu","7","0.0055"
"228","Uls","7","0.0055"
"229","Ut2","7","0.0055"
"230","Ut3","7","0.0055"
"231","Ut4","7","0.005"
"232","Ls2","7","0.004"
"233","Ls3","7","0.0033"
"234","Ls4","7","0.0026"
"235","Lt2","7","0.0028"
"236","Lt3","7","0.0026"
"237","Lu","7","0.004"
"238","Lts","7","0.0022"
"239","Tt","7","0.0003"
"240","Tl","7","0.0004"
"241","Tu2","7","0.0004"
"242","Tu3","7","0.0007"
"243","Tu4","7","0.0012"
"244","Ts2","7","0.0005"
"245","Ts3","7","0.0007"
"246","Ts4","7","0.0007"
"247","Su2","8","0.0017"
"248","Su3","8","0.0028"
"249","Su4","8","0.0039"
"250","Sl2","8","0.0003"
"251","Sl3","8","0.0007"
"252","Sl4","8","0.0012"
"253","Slu","8","0.0019"
"254","St2","8","0.0005"
"255","St3","8","0.0005"
"256","fS","8","0.0014"
"257","gS","8","0.0"
"258","mS","8","0.0002"
"259","Ss","8","0.0002"
"260","Us","8","0.0041"
"261","Uu","8","0.0055"
"262","Uls","8","0.0055"
"263","Ut2","8","0.005"
"264","Ut3","8","0.005"
"265","Ut4","8","0.0036"
"266","Ls2","8","0.003"
"267","Ls3","8","0.0025"
"268","Ls4","8","0.002"
"269","Lt2","8","0.0022"
"270","Lt3","8","0.0019"
"271","Lu","8","0.0031"
"272","Lts","8","0.0016"
"273","Tt","8","0.0002"
"274","Tl","8","0.0003"
"275","Tu2","8","0.0003"
"276","Tu3","8","0.0005"
"277","Tu4","8","0.0008"
"278","Ts2","8","0.0004"
"279","Ts3","8","0.0005"
"280","Ts4","8","0.0005"
"281","Su2","9","0.0012"
"282","Su3","9","0.0022"
"283","Su4","9","0.0029"
"284","Sl2","9","0.0002"
"285","Sl3","9","0.0005"
"286","Sl4","9","0.0008"
"287","Slu","9","0.0015"
"288","St2","9","0.0004"
"289","St3","9","0.0004"
"290","fS","9","0.0009"
"291","gS","9","0.0"
"292","mS","9","0.0001"
"293","Ss","9","0.0001"
"294","Us","9","0.0033"
"295","Uu","9","0.0055"
"296","Uls","9","0.005"
"297","Ut2","9","0.0035"
"298","Ut3","9","0.0035"
"299","Ut4","9","0.0028"
"300","Ls2","9","0.0022"
"301","Ls3","9","0.002"
"302","Ls4","9","0.0015"
"303","Lt2","9","0.0017"
"304","Lt3","9","0.0015"
"305","Lu","9","0.0024"
"306","Lts","9","0.0012"
"307","Tt","9","0.0002"
"308","Tl","9","0.0002"
"309","Tu2","9","0.0002"
"310","Tu3","9","0.0004"
"311","Tu4","9","0.0006"
"312","Ts2","9","0.0003"
"313","Ts3","9","0.0004"
"314","Ts4","9","0.0004"
"315","Su2","10","0.001"
"316","Su3","10","0.0017"
"317","Su4","10","0.0023"
"318","Sl2","10","0.0001"
"319","Sl3","10","0.0003"
"320","Sl4","10","0.0006"
"321","Slu","10","0.0011"
"322","St2","10","0.0003"
"323","St3","10","0.0003"
"324","fS","10","0.0005"
"325","gS","10","0.0"
"326","mS","10","0.0"
"327","Ss","10","0.0"
"328","Us","10","0.0027"
"329","Uu","10","0.005"
"330","Uls","10","0.0044"
"331","Ut2","10","0.0028"
"332","Ut3","10","0.0028"
"333","Ut4","10","0.0022"
"334","Ls2","10","0.0017"
"335","Ls3","10","0.0015"
"336","Ls4","10","0.0012"
"337","Lt2","10","0.0013"
"338","Lt3","10","0.0012"
"339","Lu","10","0.0019"
"340","Lts","10","0.0009"
"341","Tt","10","0.0001"
"342","Tl","10","0.0001"
"343","Tu2","10","0.0001"
"344","Tu3","10","0.0003"
"345","Tu4","10","0.0005"
"346","Ts2","10","0.0002"
"347","Ts3","10","0.0003"
"348","Ts4","10","0.0003"
"349","Su2","11","0.0008"
"350","Su3","11","0.0014"
"351","Su4","11","0.0018"
"352","Sl2","11","0.0"
"353","Sl3","11","0.0002"
"354","Sl4","11","0.0004"
"355","Slu","11","0.0009"
"356","St2","11","0.0002"
"357","St3","11","0.0002"
"358","fS","11","0.0003"
"359","gS","11","0.0"
"360","mS","11","0.0"
"361","Ss","11","0.0"
"362","Us","11","0.0022"
"363","Uu","11","0.004"
"364","Uls","11","0.0036"
"365","Ut2","11","0.0023"
"366","Ut3","11","0.0022"
"367","Ut4","11","0.0018"
"368","Ls2","11","0.0013"
"369","Ls3","11","0.0012"
"370","Ls4","11","0.0009"
"371","Lt2","11","0.0011"
"372","Lt3","11","0.001"
"373","Lu","11","0.0015"
"374","Lts","11","0.0007"
"375","Tt","11","0.0"
"376","Tl","11","0.0"
"377","Tu2","11","0.0"
"378","Tu3","11","0.0003"
"379","Tu4","11","0.0004"
"380","Ts2","11","0.0002"
"381","Ts3","11","0.0002"
"382","Ts4","11","0.0002"
"383","Su2","12","0.0006"
"384","Su3","12","0.0012"
"385","Su4","12","0.0015"
"386","Sl2","12","0.0"
"387","Sl3","12","0.0001"
"388","Sl4","12","0.0003"
"389","Slu","12","0.0007"
"390","St2","12","0.0001"
"391","St3","12","0.0001"
"392","fS","12","0.0002"
"393","gS","12","0.0"
"394","mS","12","0.0"
"395","Ss","12","0.0"
"396","Us","12","0.0018"
"397","Uu","12","0.0033"
"398","Uls","12","0.003"
"399","Ut2","12","0.0019"
"400","Ut3","12","0.0018"
"401","Ut4","12","0.0015"
"402","Ls2","12","0.0009"
"403","Ls3","12","0.001"
"404","Ls4","12","0.0007"
"405","Lt2","12","0.0009"
"406","Lt3","12","0.0008"
"407","Lu","12","0.0012"
"408","Lts","12","0.0005"
"409","Tt","12","0.0"
"410","Tl","12","0.0"
"411","Tu2","12","0.0"
"412","Tu3","12","0.0002"
"413","Tu4","12","0.0003"
"414","Ts2","12","0.0001"
"415","Ts3","12","0.0001"
"416","Ts4","12","0.0001"
"417","Su2","13","0.0005"
"418","Su3","13","0.0009"
"419","Su4","13","0.0012"
"420","Sl2","13","0.0"
"421","Sl3","13","0.0"
"422","Sl4","13","0.0002"
"423","Slu","13","0.0005"
"424","St2","13","0.0"
"425","St3","13","0.0"
"426","fS","13","0.0001"
"427","gS","13","0.0"
"428","mS","13","0.0"
"429","Ss","13","0.0"
"430","Us","13","0.0015"
"431","Uu","13","0.0028"
"432","Uls","13","0.0026"
"433","Ut2","13","0.0015"
"434","Ut3","13","0.0015"
"435","Ut4","13","0.0012"
"436","Ls2","13","0.0007"
"437","Ls3","13","0.0008"
"438","Ls4","13","0.0006"
"439","Lt2","13","0.0007"
"440","Lt3","13","0.0007"
"441","Lu","13","0.001"
"442","Lts","13","0.0004"
"443","Tt","13","0.0"
"444","Tl","13","0.0"
"445","Tu2","13","0.0"
"446","Tu3","13","0.0002"
"447","Tu4","13","0.0003"
"448","Ts2","13","0.0"
"449","Ts3","13","0.0"
"450","Ts4","13","0.0"
"451","Su2","14","0.0004"
"452","Su3","14","0.0008"
"453","Su4","14","0.0009"
"454","Sl2","14","0.0"
"455","Sl3","14","0.0"
"456","Sl4","14","0.0001"
"457","Slu","14","0.0004"
"458","St2","14","0.0"
"459","St3","14","0.0"
"460","fS","14","0.0"
"461","gS","14","0.0"
"462","mS","14","0.0"
"463","Ss","14","0.0"
"464","Us","14","0.0012"
"465","Uu","14","0.0024"
"466","Uls","14","0.0022"
"467","Ut2","14","0.0013"
"468","Ut3","14","0.0013"
"469","Ut4","14","0.001"
"470","Ls2","14","0.0005"
"471","Ls3","14","0.0007"
"472","Ls4","14","0.0005"
"473","Lt2","14","0.0005"
"474","Lt3","14","0.0006"
"475","Lu","14","0.0008"
"476","Lts","14","0.0003"
"477","Tt","14","0.0"
"478","Tl","14","0.0"
"479","Tu2","14","0.0"
"480","Tu3","14","0.0001"
"481","Tu4","14","0.0002"
"482","Ts2","14","0.0"
"483","Ts3","14","0.0"
"484","Ts4","14","0.0"
"485","Su2","15","0.0003"
"486","Su3","15","0.0007"
"487","Su4","15","0.0008"
"488","Sl2","15","0.0"
"489","Sl3","15","0.0"
"490","Sl4","15","0.0"
"491","Slu","15","0.0003"
"492","St2","15","0.0"
"493","St3","15","0.0"
"494","fS","15","0.0"
"495","gS","15","0.0"
"496","mS","15","0.0"
"497","Ss","15","0.0"
"498","Us","15","0.001"
"499","Uu","15","0.002"
"500","Uls","15","0.0019"
"501","Ut2","15","0.0011"
"502","Ut3","15","0.0011"
"503","Ut4","15","0.0008"
"504","Ls2","15","0.0004"
"505","Ls3","15","0.0005"
"506","Ls4","15","0.0004"
"507","Lt2","15","0.0004"
"508","Lt3","15","0.0005"
"509","Lu","15","0.0007"
"510","Lts","15","0.0002"
"511","Tt","15","0.0"
"512","Tl","15","0.0"
"513","Tu2","15","0.0"
"514","Tu3","15","0.0"
"515","Tu4","15","0.0002"
"516","Ts2","15","0.0"
"517","Ts3","15","0.0"
"518","Ts4","15","0.0"
"519","Su2","16","0.0003"
"520","Su3","16","0.0007"
"521","Su4","16","0.0008"
"522","Sl2","16","0.0"
"523","Sl3","16","0.0"
"524","Sl4","16","0.0"
"525","Slu","16","0.0003"
"526","St2","16","0.0"
"527","St3","16","0.0"
"528","fS","16","0.0"
"529","gS","16","0.0"
"530","mS","16","0.0"
"531","Ss","16","0.0"
"532","Us","16","0.001"
"533","Uu","16","0.002"
"534","Uls","16","0.0019"
"535","Ut2","16","0.0011"
"536","Ut3","16","0.0011"
"537","Ut4","16","0.0008"
"538","Ls2","16","0.0004"
"539","Ls3","16","0.0005"
"540","Ls4","16","0.0004"
"541","Lt2","16","0.0004"
"542","Lt3","16","0.0005"
"543","Lu","16","0.0007"
"544","Lts","16","0.0002"
"545","Tt","16","0.0"
"546","Tl","16","0.0"
"547","Tu2","16","0.0"
"548","Tu3","16","0.0"
"549","Tu4","16","0.0002"
"550","Ts2","16","0.0"
"551","Ts3","16","0.0"
"552","Ts4","16","0.0"
"553","Su2","17","0.0002"
"554","Su3","17","0.0005"
"555","Su4","17","0.0005"
"556","Sl2","17","0.0"
"557","Sl3","17","0.0"
"558","Sl4","17","0.0"
"559","Slu","17","0.0002"
"560","St2","17","0.0"
"561","St3","17","0.0"
"562","fS","17","0.0"
"563","gS","17","0.0"
"564","mS","17","0.0"
"565","Ss","17","0.0"
"566","Us","17","0.0007"
"567","Uu","17","0.0015"
"568","Uls","17","0.0014"
"569","Ut2","17","0.0007"
"570","Ut3","17","0.0007"
"571","Ut4","17","0.0005"
"572","Ls2","17","0.0002"
"573","Ls3","17","0.0003"
"574","Ls4","17","0.0003"
"575","Lt2","17","0.0003"
"576","Lt3","17","0.0003"
"577","Lu","17","0.0005"
"578","Lts","17","0.0001"
"579","Tt","17","0.0"
"580","Tl","17","0.0"
"581","Tu2","17","0.0"
"582","Tu3","17","0.0"
"583","Tu4","17","0.0001"
"584","Ts2","17","0.0"
"585","Ts3","17","0.0"
"586","Ts4","17","0.0"
"587","Su2","18","0.0002"
"588","Su3","18","0.0005"
"589","Su4","18","0.0005"
"590","Sl2","18","0.0"
"591","Sl3","18","0.0"
"592","Sl4","18","0.0"
"593","Slu","18","0.0002"
"594","St2","18","0.0"
"595","St3","18","0.0"
"596","fS","18","0.0"
"597","gS","18","0.0"
"598","mS","18","0.0"
"599","Ss","18","0.0"
"600","Us","18","0.0007"
"601","Uu","18","0.0015"
"602","Uls","18","0.0014"
"603","Ut2","18","0.0007"
"604","Ut3","18","0.0007"
"605","Ut4","18","0.0005"
"606","Ls2","18","0.0002"
"607","Ls3","18","0.0003"
"608","Ls4","18","0.0003"
"609","Lt2","18","0.0003"
"610","Lt3","18","0.0003"
"611","Lu","18","0.0005"
"612","Lts","18","0.0"
"613","Tt","18","0.0"
"614","Tl","18","0.0"
"615","Tu2","18","0.0"
"616","Tu3","18","0.0"
"617","Tu4","18","0.0"
"618","Ts2","18","0.0"
"619","Ts3","18","0.0"
"620","Ts4","18","0.0"
"621","Su2","19","0.0002"
"622","Su3","19","0.0005"
"623","Su4","19","0.0005"
"624","Sl2","19","0.0"
"625","Sl3","19","0.0"
"626","Sl4","19","0.0"
"627","Slu","19","0.0002"
"628","St2","19","0.0"
"629","St3","19","0.0"
"630","fS","19","0.0"
"631","gS","19","0.0"
"632","mS","19","0.0"
"633","Ss","19","0.0"
"634","Us","19","0.0007"
"635","Uu","19","0.0015"
"636","Uls","19","0.0014"
"637","Ut2","19","0.0007"
"638","Ut3","19","0.0007"
"639","Ut4","19","0.0005"
"640","Ls2","19","0.0002"
"641","Ls3","19","0.0003"
"642","Ls4","19","0.0003"
"643","Lt2","19","0.0003"
"644","Lt3","19","0.0003"
"645","Lu","19","0.0005"
"646","Lts","19","0.0"
"647","Tt","19","0.0"
"648","Tl","19","0.0"
"649","Tu2","19","0.0"
"650","Tu3","19","0.0"
"651","Tu4","19","0.0"
"652","Ts2","19","0.0"
"653","Ts3","19","0.0"
"654","Ts4","19","0.0"
"655","Su2","20","0.0001"
"656","Su3","20","0.0003"
"657","Su4","20","0.0003"
"658","Sl2","20","0.0"
"659","Sl3","20","0.0"
"660","Sl4","20","0.0"
"661","Slu","20","0.0001"
"662","St2","20","0.0"
"663","St3","20","0.0"
"664","fS","20","0.0"
"665","gS","20","0.0"
"666","mS","20","0.0"
"667","Ss","20","0.0"
"668","Us","20","0.0004"
"669","Uu","20","0.001"
"670","Uls","20","0.0009"
"671","Ut2","20","0.0004"
"672","Ut3","20","0.0004"
"673","Ut4","20","0.0003"
"674","Ls2","20","0.0001"
"675","Ls3","20","0.0002"
"676","Ls4","20","0.0001"
"677","Lt2","20","0.0001"
"678","Lt3","20","0.0002"
"679","Lu","20","0.0003"
"680","Lts","20","0.0"
"681","Tt","20","0.0"
"682","Tl","20","0.0"
"683","Tu2","20","0.0"
"684","Tu3","20","0.0"
"685","Tu4","20","0.0"
"686","Ts2","20","0.0"
"687","Ts3","20","0.0"
"688","Ts4","20","0.0"
"689","Su2","21","0.0"
"690","Su3","21","0.0003"
"691","Su4","21","0.0003"
"692","Sl2","21","0.0"
"693","Sl3","21","0.0"
"694","Sl4","21","0.0"
"695","Slu","21","0.0"
"696","St2","21","0.0"
"697","St3","21","0.0"
"698","fS","21","0.0"
"699","gS","21","0.0"
"700","mS","21","0.0"
"701","Ss","21","0.0"
"702","Us","21","0.0004"
"703","Uu","21","0.001"
"704","Uls","21","0.0009"
"705","Ut2","21","0.0004"
"706","Ut3","21","0.0004"
"707","Ut4","21","0.0003"
"708","Ls2","21","0.0"
"709","Ls3","21","0.0002"
"710","Ls4","21","0.0"
"711","Lt2","21","0.0"
"712","Lt3","21","0.0002"
"713","Lu","21","0.0003"
"714","Lts","21","0.0"
"715","Tt","21","0.0"
"716","Tl","21","0.0"
"717","Tu2","21","0.0"
"718","Tu3","21","0.0"
"719","Tu4","21","0.0"
"720","Ts2","21","0.0"
"721","Ts3","21","0.0"
"722","Ts4","21","0.0"
"723","Su2","22","0.0"
"724","Su3","22","0.0003"
"725","Su4","22","0.0003"
"726","Sl2","22","0.0"
"727","Sl3","22","0.0"
"728","Sl4","22","0.0"
"729","Slu","22","0.0"
"730","St2","22","0.0"
"731","St3","22","0.0"
"732","fS","22","0.0"
"733","gS","22","0.0"
"734","mS","22","0.0"
"735","Ss","22","0.0"
"736","Us","22","0.0004"
"737","Uu","22","0.001"
"738","Uls","22","0.0009"
"739","Ut2","22","0.0004"
"740","Ut3","22","0.0004"
"741","Ut4","22","0.0003"
"742","Ls2","22","0.0"
"743","Ls3","22","0.0002"
"744","Ls4","22","0.0"
"745","Lt2","22","0.0"
"746","Lt3","22","0.0002"
"747","Lu","22","0.0003"
"748","Lts","22","0.0"
"749","Tt","22","0.0"
"750","Tl","22","0.0"
"751","Tu2","22","0.0"
"752","Tu3","22","0.0"
"753","Tu4","22","0.0"
"754","Ts2","22","0.0"
"755","Ts3","22","0.0"
"756","Ts4","22","0.0"
"757","Su2","23","0.0"
"758","Su3","23","0.0003"
"759","Su4","23","0.0003"
"760","Sl2","23","0.0"
"761","Sl3","23","0.0"
"762","Sl4","23","0.0"
"763","Slu","23","0.0"
"764","St2","23","0.0"
"765","St3","23","0.0"
"766","fS","23","0.0"
"767","gS","23","0.0"
"768","mS","23","0.0"
"769","Ss","23","0.0"
"770","Us","23","0.0004"
"771","Uu","23","0.001"
"772","Uls","23","0.0009"
"773","Ut2","23","0.0004"
"774","Ut3","23","0.0004"
"775","Ut4","23","0.0003"
"776","Ls2","23","0.0"
"777","Ls3","23","0.0002"
"778","Ls4","23","0.0"
"779","Lt2","23","0.0"
"780","Lt3","23","0.0002"
"781","Lu","23","0.0003"
"782","Lts","23","0.0"
"783","Tt","23","0.0"
"784","Tl","23","0.0"
"785","Tu2","23","0.0"
"786","Tu3","23","0.0"
"787","Tu4","23","0.0"
"788","Ts2","23","0.0"
"789","Ts3","23","0.0"
"790","Ts4","23","0.0"
"791","Su2","24","0.0"
"792","Su3","24","0.0003"
"793","Su4","24","0.0003"
"794","Sl2","24","0.0"
"795","Sl3","24","0.0"
"796","Sl4","24","0.0"
"797","Slu","24","0.0"
"798","St2","24","0.0"
"799","St3","24","0.0"
"800","fS","24","0.0"
"801","gS","24","0.0"
"802","mS","24","0.0"
"803","Ss","24","0.0"
"804","Us","24","0.0004"
"805","Uu","24","0.001"
"806","Uls","24","0.0009"
"807","Ut2","24","0.0004"
"808","Ut3","24","0.0004"
"809","Ut4","24","0.0003"
"810","Ls2","24","0.0"
"811","Ls3","24","0.0002"
"812","Ls4","24","0.0"
"813","Lt2","24","0.0"
"814","Lt3","24","0.0002"
"815","Lu","24","0.0003"
"816","Lts","24","0.0"
"817","Tt","24","0.0"
"818","Tl","24","0.0"
"819","Tu2","24","0.0"
"820","Tu3","24","0.0"
"821","Tu4","24","0.0"
"822","Ts2","24","0.0"
"823","Ts3","24","0.0"
"824","Ts4","24","0.0"
"825","Su2","25","0.0"
"826","Su3","25","0.0001"
"827","Su4","25","0.0001"
"828","Sl2","25","0.0"
"829","Sl3","25","0.0"
"830","Sl4","25","0.0"
"831","Slu","25","0.0"
"832","St2","25","0.0"
"833","St3","25","0.0"
"834","fS","25","0.0"
"835","gS","25","0.0"
"836","mS","25","0.0"
"837","Ss","25","0.0"
"838","Us","25","0.0001"
"839","Uu","25","0.0005"
"840","Uls","25","0.0005"
"841","Ut2","25","0.0001"
"842","Ut3","25","0.0001"
"843","Ut4","25","0.0001"
"844","Ls2","25","0.0"
"845","Ls3","25","0.0001"
"846","Ls4","25","0.0"
"847","Lt2","25","0.0"
"848","Lt3","25","0.0001"
"849","Lu","25","0.0001"
"850","Lts","25","0.0"
"851","Tt","25","0.0"
"852","Tl","25","0.0"
"853","Tu2","25","0.0"
"854","Tu3","25","0.0"
"855","Tu4","25","0.0"
"856","Ts2","25","0.0"
"857","Ts3","25","0.0"
"858","Ts4","25","0.0"
"859","Su2","26","0.0"
"860","Su3","26","0.0"
"861","Su4","26","0.0"
"862","Sl2","26","0.0"
"863","Sl3","26","0.0"
"864","Sl4","26","0.0"
"865","Slu","26","0.0"
"866","St2","26","0.0"
"867","St3","26","0.0"
"868","fS","26","0.0"
"869","gS","26","0.0"
"870","mS","26","0.0"
"871","Ss","26","0.0"
"872","Us","26","0.0001"
"873","Uu","26","0.0003"
"874","Uls","26","0.0003"
"875","Ut2","26","0.0001"
"876","Ut3","26","0.0001"
"877","Ut4","26","0.0001"
"878","Ls2","26","0.0"
"879","Ls3","26","0.0"
"880","Ls4","26","0.0"
"881","Lt2","26","0.0"
"882","Lt3","26","0.0"
"883","Lu","26","0.0001"
"884","Lts","26","0.0"
"885","Tt","26","0.0"
"886","Tl","26","0.0"
"887","Tu2","26","0.0"
"888","Tu3","26","0.0"
"889","Tu4","26","0.0"
"890","Ts2","26","0.0"
"891","Ts3","26","0.0"
"892","Ts4","26","0.0"
"893","Su2","27","0.0"
"894","Su3","27","0.0"
"895","Su4","27","0.0"
"896","Sl2","27","0.0"
"897","Sl3","27","0.0"
"898","Sl4","27","0.0"
"899","Slu","27","0.0"
"900","St2","27","0.0"
"901","St3","27","0.0"
"902","fS","27","0.0"
"903","gS","27","0.0"
"904","mS","27","0.0"
"905","Ss","27","0.0"
"906","Us","27","0.0"
"907","Uu","27","0.0001"
"908","Uls","27","0.0001"
"909","Ut2","27","0.0"
"910","Ut3","27","0.0"
"911","Ut4","27","0.0"
"912","Ls2","27","0.0"
"913","Ls3","27","0.0"
"914","Ls4","27","0.0"
"915","Lt2","27","0.0"
"916","Lt3","27","0.0"
"917","Lu","27","0.0"
"918","Lts","27","0.0"
"919","Tt","27","0.0"
"920","Tl","27","0.0"
"921","Tu2","27","0.0"
"922","Tu3","27","0.0"
"923","Tu4","27","0.0"
"924","Ts2","27","0.0"
"925","Ts3","27","0.0"
"926","Ts4","27","0.0"
"927","Hh","27","0.0"
"928","Hh","26","0.0"
"929","Hh","25","0.0"
"930","Hh","24","0.0"
"931","Hh","23","0.0"
"932","Hh","22","0.0"
"933","Hh","21","0.0"
"934","Hh","20","0.0"
"935","Hh","19","0.0"
"936","Hh","18","0.0"
"937","Hh","17","0.0"
"938","Hh","16","0.0"
"939","Hh","15","0.0"
"940","Hh","14","0.0"
"941","Hh","13","0.0"
"942","Hh","12","5.0e-05"
"943","Hh","11","5.0e-05"
"944","Hh","10","0.0002"
"945","Hh","9","0.0002"
"946","Hh","8","0.0003"
"947","Hh","7","0.0004"
"948","Hh","6","0.0008"
"949","Hh","5","0.0013"
"950","Hh","4","0.002"
"951","Hh","3","0.003"
"952","Hh","2","0.005"
"953","Hh","1","0.005"
"954","Hn","2","0.004"
"955","Hn","3","0.0022"
"956","Hn","4","0.0011"
"957","Hn","5","0.0006"
"958","Hn","6","0.0003"
"959","Hn","7","0.0002"
"960","Hn","8","0.0001"
"961","Hn","9","5.0e-05"
"962","Hn","10","0.0"
"963","Hn","11","0.0"
"964","Hn","12","0.0"
"965","Hn","13","0.0"
"966","Hn","14","0.0"
"967","Hn","15","0.0"
"968","Hn","16","0.0"
"969","Hn","17","0.0"
"970","Hn","18","0.0"
"971","Hn","19","0.0"
"972","Hn","20","0.0"
"973","Hn","21","0.0"
"974","Hn","22","0.0"
"975","Hn","23","0.0"
"976","Hn","24","0.0"
"977","Hn","25","0.0"
"978","Hn","26","0.0"
"979","Hn","27","0.0"
"981","Hn","1","0.004"
